<?xml version="1.1" encoding="UTF-8"?>
<xmi:XMI xmi:version="2.0" xmlns:xmi="http://www.omg.org/XMI" xmlns:expression="http:///expression.ecore">
  <expression:EMFExpression id="null=>activities_out=>act_param_id" expression="String.valueOf(row1.param_id)">
    <variables name="row1.id" value="0" talendType="id_Integer"/>
    <variables name="row1.program_id" value="0" talendType="id_Integer"/>
    <variables name="row1.email_id" value="0" talendType="id_Integer"/>
    <variables name="row1.contact_id" value="0" talendType="id_Integer"/>
    <variables name="row1.param" value="null" talendType="id_String"/>
    <variables name="row1.param_id" value="0" talendType="id_Integer"/>
    <variables name="row1.param_value" value="null" talendType="id_String"/>
    <variables name="row1.activity_type" value="null" talendType="id_String"/>
    <variables name="row1.activity_event" value="null" talendType="id_String"/>
    <variables name="row1.datetime" value="null" talendType="id_Date"/>
    <variables name="row2.dim_bb_activities_id" value="0" talendType="id_Integer"/>
    <variables name="row2.act_param" value="null" talendType="id_String"/>
    <variables name="row2.act_param_id" value="null" talendType="id_String"/>
    <variables name="row2.act_param_value" value="null" talendType="id_String"/>
    <variables name="row2.act_activity_type" value="null" talendType="id_String"/>
    <variables name="row2.act_activity_event" value="null" talendType="id_String"/>
  </expression:EMFExpression>
  <expression:EMFExpression id="null=>email_out=>act_em_param_value" expression="Integer.valueOf(tmap_email_info.param_value )&#xA;">
    <variables name="tmap_email_info.email_id" value="null" talendType="id_Integer" nullable="true"/>
    <variables name="tmap_email_info.email_title" value="null" talendType="id_String"/>
    <variables name="tmap_email_info.param" value="null" talendType="id_String" nullable="true"/>
    <variables name="tmap_email_info.param_id" value="null" talendType="id_String" nullable="true"/>
    <variables name="tmap_email_info.param_value" value="null" talendType="id_String" nullable="true"/>
    <variables name="tmap_email_info.activity_event" value="null" talendType="id_String"/>
    <variables name="row4.dim_activity_email_id" value="0" talendType="id_Integer"/>
    <variables name="row4.email_id" value="null" talendType="id_Integer" nullable="true"/>
    <variables name="row4.act_em_name" value="null" talendType="id_String" nullable="true"/>
    <variables name="row4.act_em_param" value="null" talendType="id_String" nullable="true"/>
    <variables name="row4.act_em_param_id" value="null" talendType="id_String" nullable="true"/>
    <variables name="row4.act_em_param_value" value="null" talendType="id_Integer" nullable="true"/>
    <variables name="row4.act_em_event" value="null" talendType="id_String" nullable="true"/>
  </expression:EMFExpression>
  <expression:EMFExpression id="null=>row4=>act_em_param_value" expression="Integer.valueOf(tmap_email_info.param_value )">
    <variables name="tmap_email_info.email_id" value="null" talendType="id_Integer" nullable="true"/>
    <variables name="tmap_email_info.email_title" value="null" talendType="id_String"/>
    <variables name="tmap_email_info.param" value="null" talendType="id_String" nullable="true"/>
    <variables name="tmap_email_info.param_id" value="null" talendType="id_String" nullable="true"/>
    <variables name="tmap_email_info.param_value" value="null" talendType="id_String" nullable="true"/>
    <variables name="tmap_email_info.activity_event" value="null" talendType="id_String"/>
    <variables name="row4.dim_activity_email_id" value="0" talendType="id_Integer"/>
    <variables name="row4.email_id" value="null" talendType="id_Integer" nullable="true"/>
    <variables name="row4.act_em_name" value="null" talendType="id_String" nullable="true"/>
    <variables name="row4.act_em_param" value="null" talendType="id_String" nullable="true"/>
    <variables name="row4.act_em_param_id" value="null" talendType="id_String" nullable="true"/>
    <variables name="row4.act_em_param_value" value="null" talendType="id_Integer" nullable="true"/>
    <variables name="row4.act_em_event" value="null" talendType="id_String" nullable="true"/>
  </expression:EMFExpression>
  <expression:EMFExpression id="null=>" expression="Integer.valueOf(row3.param_value)">
    <variables name="row3.id" value="0" talendType="id_Integer"/>
    <variables name="row3.program_id" value="0" talendType="id_Integer"/>
    <variables name="row3.email_id" value="null" talendType="id_Integer" nullable="true"/>
    <variables name="row3.contact_id" value="null" talendType="id_Integer" nullable="true"/>
    <variables name="row3.param" value="null" talendType="id_String" nullable="true"/>
    <variables name="row3.param_id" value="null" talendType="id_String" nullable="true"/>
    <variables name="row3.param_value" value="null" talendType="id_String" nullable="true"/>
    <variables name="row3.redirect_url" value="null" talendType="id_String" nullable="true"/>
    <variables name="row3.activity_type" value="null" talendType="id_String"/>
    <variables name="row3.activity_event" value="null" talendType="id_String"/>
    <variables name="row3.datetime" value="null" talendType="id_Date"/>
    <variables name="row5.dim_email_info_id" value="0" talendType="id_Integer"/>
    <variables name="row5.email_title" value="null" talendType="id_String"/>
  </expression:EMFExpression>
  <expression:EMFExpression id="null=>tmap_email_info=>param_value" expression="((Integer)row3.param_value) ">
    <variables name="row3.id" value="0" talendType="id_Integer"/>
    <variables name="row3.program_id" value="0" talendType="id_Integer"/>
    <variables name="row3.email_id" value="null" talendType="id_Integer" nullable="true"/>
    <variables name="row3.contact_id" value="null" talendType="id_Integer" nullable="true"/>
    <variables name="row3.param" value="null" talendType="id_String" nullable="true"/>
    <variables name="row3.param_id" value="null" talendType="id_String" nullable="true"/>
    <variables name="row3.param_value" value="null" talendType="id_String" nullable="true"/>
    <variables name="row3.redirect_url" value="null" talendType="id_String" nullable="true"/>
    <variables name="row3.activity_type" value="null" talendType="id_String"/>
    <variables name="row3.activity_event" value="null" talendType="id_String"/>
    <variables name="row3.datetime" value="null" talendType="id_Date"/>
    <variables name="row5.dim_email_info_id" value="0" talendType="id_Integer"/>
    <variables name="row5.email_title" value="null" talendType="id_String"/>
  </expression:EMFExpression>
</xmi:XMI>
