<?xml version="1.1" encoding="UTF-8"?>
<xmi:XMI xmi:version="2.0" xmlns:xmi="http://www.omg.org/XMI" xmlns:expression="http:///expression.ecore">
  <expression:EMFExpression id="null=>Var=>activity_event" expression="(tmap_ids.activity_event.equals(&quot;open&quot;)) ? 1 :(tmap_ids.activity_event.equals(&quot;click&quot;)) ? 2 : &#xD;&#xA;(tmap_ids.activity_event.equals(&quot;bounce&quot;)) ? 3 : &#xD;&#xA;(tmap_ids.activity_event.equals(&quot;unsubscribe&quot;)) ? 4 : &#xD;&#xA;(tmap_ids.activity_event.equals(&quot;submit&quot;)) ? 5 :  &#xA;(tmap_ids.activity_event.equals(&quot;view&quot;)) ? 7 : 6 ">
    <variables name="tmap_ids.id" value="0" talendType="id_Integer"/>
    <variables name="tmap_ids.dim_activity_email_id" value="0" talendType="id_Integer"/>
    <variables name="tmap_ids.dim_activity_landingpage_id" value="0" talendType="id_Integer"/>
    <variables name="tmap_ids.program_id" value="0" talendType="id_Integer"/>
    <variables name="tmap_ids.contact_id" value="null" talendType="id_Integer" nullable="true"/>
    <variables name="tmap_ids.activity_type" value="null" talendType="id_String"/>
    <variables name="tmap_ids.activity_event" value="null" talendType="id_String"/>
    <variables name="tmap_ids.dim_activity_webform_id" value="0" talendType="id_Integer"/>
    <variables name="row14.tr_incomingtransaction_id" value="0" talendType="id_Integer"/>
    <variables name="row14.tr_email_activity_id" value="0" talendType="id_Integer"/>
    <variables name="row14.tr_lp_activity_id" value="0" talendType="id_Integer"/>
    <variables name="row14.tr_wf_activity_id" value="0" talendType="id_Integer"/>
    <variables name="row14.program_id" value="null" talendType="id_Integer" nullable="true"/>
    <variables name="row14.contact_id" value="null" talendType="id_Integer" nullable="true"/>
    <variables name="Var.activity_type" value="0" talendType="id_Integer"/>
    <variables name="Var.activity_event" value="0" talendType="id_Integer"/>
  </expression:EMFExpression>
  <expression:EMFExpression id="null=>Var=>activity_type" expression="(tmap_ids.activity_type.equals(&quot;ehtml&quot;)) ? 1 :(tmap_ids.activity_type.equals(&quot;lphtml&quot;)) ? 2 : &#xD;&#xA;(tmap_ids.activity_type.equals(&quot;wfhtml&quot;)) ? 3 : &#xD;&#xA;(tmap_ids.activity_type.equals(&quot;lpwfhtml&quot;)) ? 3 : &#xD;&#xA;(tmap_ids.activity_type.equals(&quot;&quot;)) ? 4  : 0    ">
    <variables name="tmap_ids.id" value="0" talendType="id_Integer"/>
    <variables name="tmap_ids.dim_activity_email_id" value="0" talendType="id_Integer"/>
    <variables name="tmap_ids.dim_activity_landingpage_id" value="0" talendType="id_Integer"/>
    <variables name="tmap_ids.program_id" value="0" talendType="id_Integer"/>
    <variables name="tmap_ids.contact_id" value="null" talendType="id_Integer" nullable="true"/>
    <variables name="tmap_ids.activity_type" value="null" talendType="id_String"/>
    <variables name="tmap_ids.activity_event" value="null" talendType="id_String"/>
    <variables name="tmap_ids.dim_activity_webform_id" value="0" talendType="id_Integer"/>
    <variables name="row14.tr_incomingtransaction_id" value="0" talendType="id_Integer"/>
    <variables name="row14.tr_email_activity_id" value="0" talendType="id_Integer"/>
    <variables name="row14.tr_lp_activity_id" value="0" talendType="id_Integer"/>
    <variables name="row14.tr_wf_activity_id" value="0" talendType="id_Integer"/>
    <variables name="row14.program_id" value="null" talendType="id_Integer" nullable="true"/>
    <variables name="row14.contact_id" value="null" talendType="id_Integer" nullable="true"/>
    <variables name="Var.activity_type" value="0" talendType="id_Integer"/>
    <variables name="Var.activity_event" value="0" talendType="id_Integer"/>
  </expression:EMFExpression>
  <expression:EMFExpression id="null=>Var=>var1" expression="(tmap_ids.dim_activity_landingpage_id.equals(0)) ? &quot;NULL&quot; : tmap_ids.dim_activity_landingpage_id">
    <variables name="tmap_ids.id" value="0" talendType="id_Integer"/>
    <variables name="tmap_ids.dim_activity_email_id" value="0" talendType="id_Integer"/>
    <variables name="tmap_ids.dim_activity_landingpage_id" value="null" talendType="id_Integer" nullable="true"/>
    <variables name="tmap_ids.program_id" value="0" talendType="id_Integer"/>
    <variables name="tmap_ids.contact_id" value="null" talendType="id_Integer" nullable="true"/>
    <variables name="tmap_ids.activity_type" value="null" talendType="id_String"/>
    <variables name="tmap_ids.activity_event" value="null" talendType="id_String"/>
    <variables name="tmap_ids.dim_activity_webform_id" value="0" talendType="id_Integer"/>
    <variables name="tmap_ids.email_campaign_id" value="null" talendType="id_Integer" nullable="true"/>
    <variables name="row14.tr_incomingtransaction_id" value="0" talendType="id_Integer"/>
    <variables name="row14.tr_email_activity_id" value="0" talendType="id_Integer"/>
    <variables name="row14.tr_lp_activity_id" value="null" talendType="id_Integer" nullable="true"/>
    <variables name="row14.tr_wf_activity_id" value="0" talendType="id_Integer"/>
    <variables name="row14.program_id" value="null" talendType="id_Integer" nullable="true"/>
    <variables name="row14.contact_id" value="null" talendType="id_Integer" nullable="true"/>
    <variables name="Var.activity_type" value="0" talendType="id_Integer"/>
    <variables name="Var.activity_event" value="0" talendType="id_Integer"/>
    <variables name="Var.var1" value="null" talendType="id_String"/>
  </expression:EMFExpression>
  <expression:EMFExpression id="null=>tr_email_out=>tr_lp_activity_id" expression="(tmap_ids.dim_activity_landingpage_id.equals(0)) ? &quot;NULL&quot; : tmap_ids.dim_activity_landingpage_id ">
    <variables name="tmap_ids.id" value="0" talendType="id_Integer"/>
    <variables name="tmap_ids.dim_activity_email_id" value="0" talendType="id_Integer"/>
    <variables name="tmap_ids.dim_activity_landingpage_id" value="null" talendType="id_Integer" nullable="true"/>
    <variables name="tmap_ids.program_id" value="0" talendType="id_Integer"/>
    <variables name="tmap_ids.contact_id" value="null" talendType="id_Integer" nullable="true"/>
    <variables name="tmap_ids.activity_type" value="null" talendType="id_String"/>
    <variables name="tmap_ids.activity_event" value="null" talendType="id_String"/>
    <variables name="tmap_ids.dim_activity_webform_id" value="0" talendType="id_Integer"/>
    <variables name="tmap_ids.email_campaign_id" value="null" talendType="id_Integer" nullable="true"/>
    <variables name="row14.tr_incomingtransaction_id" value="0" talendType="id_Integer"/>
    <variables name="row14.tr_email_activity_id" value="0" talendType="id_Integer"/>
    <variables name="row14.tr_lp_activity_id" value="null" talendType="id_Integer" nullable="true"/>
    <variables name="row14.tr_wf_activity_id" value="0" talendType="id_Integer"/>
    <variables name="row14.program_id" value="null" talendType="id_Integer" nullable="true"/>
    <variables name="row14.contact_id" value="null" talendType="id_Integer" nullable="true"/>
    <variables name="Var.activity_type" value="0" talendType="id_Integer"/>
    <variables name="Var.activity_event" value="0" talendType="id_Integer"/>
  </expression:EMFExpression>
</xmi:XMI>
