<?xml version="1.1" encoding="UTF-8"?>
<expression:EMFExpression xmi:version="2.0" xmlns:xmi="http://www.omg.org/XMI" xmlns:expression="http:///expression.ecore" id="null=>copyOftuniq_1=>pv_log" expression="System.out.printf(&quot;== Pageview Done! ==&quot;)">
  <variables name="row12.timestamp" value="null" talendType="id_Date"/>
  <variables name="row13.dim_bb_datetime_id" value="0" talendType="id_Integer"/>
  <variables name="row13.datetime_date" value="null" talendType="id_String" nullable="true"/>
  <variables name="row13.datetime_year" value="null" talendType="id_String" nullable="true"/>
  <variables name="row13.datetime_quarter" value="null" talendType="id_String" nullable="true"/>
  <variables name="row13.datetime_month" value="null" talendType="id_String" nullable="true"/>
  <variables name="row13.datetime_yearmonth" value="null" talendType="id_String" nullable="true"/>
  <variables name="row13.datetime_week" value="null" talendType="id_String" nullable="true"/>
  <variables name="row13.datetime_weekday" value="null" talendType="id_String" nullable="true"/>
  <variables name="row13.datetime_day" value="null" talendType="id_String" nullable="true"/>
  <variables name="row13.datetime_previous_date" value="null" talendType="id_String" nullable="true"/>
  <variables name="row13.datetime_next_date" value="null" talendType="id_String" nullable="true"/>
  <variables name="row13.datetime_time" value="null" talendType="id_String" nullable="true"/>
  <variables name="row13.datetime_full" value="null" talendType="id_Date" nullable="true"/>
  <variables name="Var.vdate" value="null" talendType="id_String"/>
  <variables name="Var.vyear" value="null" talendType="id_String"/>
  <variables name="Var.vquarter" value="null" talendType="id_String"/>
  <variables name="Var.vmonth" value="null" talendType="id_String"/>
  <variables name="Var.vyearmonth" value="null" talendType="id_String"/>
  <variables name="Var.vweek" value="null" talendType="id_String"/>
  <variables name="Var.vweekday" value="null" talendType="id_String"/>
  <variables name="Var.vday" value="null" talendType="id_String"/>
  <variables name="Var.vtime" value="null" talendType="id_String"/>
  <variables name="Var.vfull" value="null" talendType="id_String"/>
</expression:EMFExpression>
