<?xml version="1.1" encoding="UTF-8"?>
<xmi:XMI xmi:version="2.0" xmlns:xmi="http://www.omg.org/XMI" xmlns:expression="http:///expression.ecore">
  <expression:EMFExpression id="null=>fact_out=>dim_activity_category_id" expression="">
    <variables name="row21.id" value="0" talendType="id_Integer"/>
    <variables name="row21.tr_pc_id" value="0" talendType="id_Integer"/>
    <variables name="row21.tr_system_id" value="0" talendType="id_Integer"/>
    <variables name="row21.tr_browserfingerprints_id" value="0" talendType="id_Integer"/>
    <variables name="row21.tr_bfvisits_id" value="0" talendType="id_Integer"/>
    <variables name="row21.tr_visits_id" value="0" talendType="id_Integer"/>
    <variables name="row21.tr_activities_id" value="null" talendType="id_Integer" nullable="true"/>
    <variables name="row21.timestamp" value="null" talendType="id_Date"/>
    <variables name="row21.cookieData" value="null" talendType="id_String"/>
    <variables name="row21.ipAddress" value="null" talendType="id_String"/>
    <variables name="row21.userAgent" value="null" talendType="id_String"/>
    <variables name="row21.refererUrl" value="null" talendType="id_String" nullable="true"/>
    <variables name="row21.destinationUrl" value="null" talendType="id_String" nullable="true"/>
    <variables name="row21.protocol" value="null" talendType="id_String"/>
    <variables name="row21.host" value="null" talendType="id_String"/>
    <variables name="row21.port" value="0" talendType="id_Integer"/>
    <variables name="row21.queryString" value="null" talendType="id_String"/>
    <variables name="row21.pageTitle" value="null" talendType="id_String"/>
    <variables name="row21.latitude" value="null" talendType="id_String"/>
    <variables name="row21.longitude" value="null" talendType="id_String"/>
    <variables name="row21.fileName" value="null" talendType="id_String" nullable="true"/>
    <variables name="row21.fileUrl" value="null" talendType="id_String" nullable="true"/>
    <variables name="row21.linkName" value="null" talendType="id_Integer" nullable="true"/>
    <variables name="row21.source" value="null" talendType="id_Integer" nullable="true"/>
    <variables name="row21.type" value="null" talendType="id_String"/>
    <variables name="row21.visit_id" value="null" talendType="id_String" nullable="true"/>
    <variables name="row21.fk_guid_id" value="null" talendType="id_String" nullable="true"/>
    <variables name="row21.visit_start_time" value="null" talendType="id_String" nullable="true"/>
    <variables name="row21.visit_end_time" value="null" talendType="id_String" nullable="true"/>
    <variables name="row21.system_id" value="null" talendType="id_String" nullable="true"/>
    <variables name="row21.system_name" value="null" talendType="id_String" nullable="true"/>
    <variables name="row21.system_key" value="null" talendType="id_String" nullable="true"/>
    <variables name="row21.guid_id" value="null" talendType="id_String" nullable="true"/>
    <variables name="row21.guid_user_agent" value="null" talendType="id_String" nullable="true"/>
    <variables name="row21.guid_user_cookie" value="null" talendType="id_String" nullable="true"/>
    <variables name="row22.dim_pageview_id" value="0" talendType="id_Integer"/>
    <variables name="row22.pageview_url" value="null" talendType="id_String" nullable="true"/>
    <variables name="row22.pageview_title" value="null" talendType="id_String" nullable="true"/>
    <variables name="row22.pageview_destination_url" value="null" talendType="id_String" nullable="true"/>
    <variables name="row22.pageview_referer" value="null" talendType="id_String" nullable="true"/>
    <variables name="row22.pageview_querystring" value="null" talendType="id_String" nullable="true"/>
    <variables name="row23.dim_visit_id" value="0" talendType="id_Integer"/>
    <variables name="row23.visit_start_time" value="null" talendType="id_String" nullable="true"/>
    <variables name="row23.visit_end_time" value="null" talendType="id_String" nullable="true"/>
    <variables name="row23.visit_duration" value="null" talendType="id_String" nullable="true"/>
    <variables name="row26.dim_datetime_id" value="0" talendType="id_Integer"/>
    <variables name="row26.datetime_full" value="null" talendType="id_Date" nullable="true"/>
    <variables name="row24.dim_guid_id" value="0" talendType="id_Integer"/>
    <variables name="row24.guid_user_agent" value="null" talendType="id_String" nullable="true"/>
    <variables name="row24.guid_cookie" value="null" talendType="id_String" nullable="true"/>
    <variables name="row25.dim_site_id" value="0" talendType="id_Integer"/>
    <variables name="row25.site_name" value="null" talendType="id_String" nullable="true"/>
    <variables name="row25.site_url" value="null" talendType="id_String" nullable="true"/>
    <variables name="row25.site_key" value="null" talendType="id_String" nullable="true"/>
    <variables name="row27.dim_ipdata_id" value="0" talendType="id_Integer"/>
    <variables name="row27.ipdata_ip" value="null" talendType="id_String" nullable="true"/>
    <variables name="row29.tr_incomingtransaction_id" value="0" talendType="id_Integer"/>
    <variables name="row29.tr_email_activity_id" value="0" talendType="id_Integer"/>
    <variables name="row29.tr_lp_activity_id" value="0" talendType="id_Integer"/>
    <variables name="row29.program_id" value="null" talendType="id_Integer" nullable="true"/>
    <variables name="row29.contact_id" value="null" talendType="id_Integer" nullable="true"/>
    <variables name="row29.act_category_id" value="null" talendType="id_Integer" nullable="true"/>
    <variables name="Var.var1" value="0" talendType="id_Integer"/>
  </expression:EMFExpression>
  <expression:EMFExpression id="null=>Var=>var1" expression="(row21.tr_activities_id==null)? 4 : row29.act_category_id  ">
    <variables name="row21.id" value="0" talendType="id_Integer"/>
    <variables name="row21.tr_pc_id" value="0" talendType="id_Integer"/>
    <variables name="row21.tr_system_id" value="0" talendType="id_Integer"/>
    <variables name="row21.tr_browserfingerprints_id" value="0" talendType="id_Integer"/>
    <variables name="row21.tr_bfvisits_id" value="0" talendType="id_Integer"/>
    <variables name="row21.tr_visits_id" value="0" talendType="id_Integer"/>
    <variables name="row21.tr_activities_id" value="null" talendType="id_Integer" nullable="true"/>
    <variables name="row21.timestamp" value="null" talendType="id_Date"/>
    <variables name="row21.cookieData" value="null" talendType="id_String"/>
    <variables name="row21.ipAddress" value="null" talendType="id_String"/>
    <variables name="row21.userAgent" value="null" talendType="id_String"/>
    <variables name="row21.refererUrl" value="null" talendType="id_String" nullable="true"/>
    <variables name="row21.destinationUrl" value="null" talendType="id_String" nullable="true"/>
    <variables name="row21.protocol" value="null" talendType="id_String"/>
    <variables name="row21.host" value="null" talendType="id_String"/>
    <variables name="row21.port" value="0" talendType="id_Integer"/>
    <variables name="row21.queryString" value="null" talendType="id_String"/>
    <variables name="row21.pageTitle" value="null" talendType="id_String"/>
    <variables name="row21.latitude" value="null" talendType="id_String"/>
    <variables name="row21.longitude" value="null" talendType="id_String"/>
    <variables name="row21.fileName" value="null" talendType="id_String" nullable="true"/>
    <variables name="row21.fileUrl" value="null" talendType="id_String" nullable="true"/>
    <variables name="row21.linkName" value="null" talendType="id_Integer" nullable="true"/>
    <variables name="row21.source" value="null" talendType="id_Integer" nullable="true"/>
    <variables name="row21.type" value="null" talendType="id_String"/>
    <variables name="row21.visit_id" value="null" talendType="id_String" nullable="true"/>
    <variables name="row21.fk_guid_id" value="null" talendType="id_String" nullable="true"/>
    <variables name="ing&quot; nullable=&quot;true&quot;/>" value="riab" talendType="id_String" nullable="true"/>
    <variables name="row21.visit_end_time" value="null" talendType="id_String" nullable="true"/>
    <variables name="row21.system_id" value="null" talendType="id_String" nullable="true"/>
    <variables name="row21.system_name" value="null" talendType="id_String" nullable="true"/>
    <variables name="row21.system_key" value="null" talendType="id_String" nullable="true"/>
    <variables name="row21.guid_id" value="null" talendType="id_String" nullable="true"/>
    <variables name="row21.guid_user_agent" value="null" talendType="id_String" nullable="true"/>
    <variables name="row21.guid_user_cookie" value="null" talendType="id_String" nullable="true"/>
    <variables name="row22.dim_pageview_id" value="0" talendType="id_Integer"/>
    <variables name="row22.pageview_url" value="null" talendType="id_String" nullable="true"/>
    <variables name="row22.pageview_title" value="null" talendType="id_String" nullable="true"/>
    <variables name="row22.pageview_destination_url" value="null" talendType="id_String" nullable="true"/>
    <variables name="row22.pageview_referer" value="null" talendType="id_String" nullable="true"/>
    <variables name="row22.pageview_querystring" value="null" talendType="id_String" nullable="true"/>
    <variables name="row23.dim_visit_id" value="0" talendType="id_Integer"/>
    <variables name="row23.visit_start_time" value="null" talendType="id_String" nullable="true"/>
    <variables name="row23.visit_end_time" value="null" talendType="id_String" nullable="true"/>
    <variables name="row23.visit_duration" value="null" talendType="id_String" nullable="true"/>
    <variables name="row26.dim_datetime_id" value="0" talendType="id_Integer"/>
    <variables name="row26.datetime_full" value="null" talendType="id_Date" nullable="true"/>
    <variables name="row24.dim_guid_id" value="0" talendType="id_Integer"/>
    <variables name="row24.guid_user_agent" value="null" talendType="id_String" nullable="true"/>
    <variables name="row24.guid_cookie" value="null" talendType="id_String" nullable="true"/>
    <variables name="row25.dim_site_id" value="0" talendType="id_Integer"/>
    <variables name="row25.site_name" value="null" talendType="id_String" nullable="true"/>
    <variables name="row25.site_url" value="null" talendType="id_String" nullable="true"/>
    <variables name="row25.site_key" value="null" talendType="id_String" nullable="true"/>
    <variables name="row27.dim_ipdata_id" value="0" talendType="id_Integer"/>
    <variables name="row27.ipdata_ip" value="null" talendType="id_String" nullable="true"/>
    <variables name="row29.tr_incomingtransaction_id" value="0" talendType="id_Integer"/>
    <variables name="row29.tr_email_activity_id" value="0" talendType="id_Integer"/>
    <variables name="row29.tr_lp_activity_id" value="0" talendType="id_Integer"/>
    <variables name="row29.program_id" value="null" talendType="id_Integer" nullable="true"/>
    <variables name="row29.contact_id" value="null" talendType="id_Integer" nullable="true"/>
    <variables name="row29.act_category_id" value="null" talendType="id_Integer" nullable="true"/>
    <variables name="Var.var1" value="0" talendType="id_Integer"/>
  </expression:EMFExpression>
  <expression:EMFExpression id="null=>Var=>var2" expression="(row21.tr_activities_id==null)? 6 : row29.act_event_type_id">
    <variables name="row21.id" value="0" talendType="id_Integer"/>
    <variables name="row21.tr_pc_id" value="0" talendType="id_Integer"/>
    <variables name="row21.tr_system_id" value="0" talendType="id_Integer"/>
    <variables name="row21.tr_browserfingerprints_id" value="0" talendType="id_Integer"/>
    <variables name="row21.tr_bfvisits_id" value="0" talendType="id_Integer"/>
    <variables name="row21.tr_visits_id" value="0" talendType="id_Integer"/>
    <variables name="row21.tr_activities_id" value="null" talendType="id_Integer" nullable="true"/>
    <variables name="row21.timestamp" value="null" talendType="id_Date"/>
    <variables name="row21.cookieData" value="null" talendType="id_String"/>
    <variables name="row21.ipAddress" value="null" talendType="id_String"/>
    <variables name="row21.userAgent" value="null" talendType="id_String"/>
    <variables name="row21.refererUrl" value="null" talendType="id_String" nullable="true"/>
    <variables name="row21.destinationUrl" value="null" talendType="id_String" nullable="true"/>
    <variables name="row21.protocol" value="null" talendType="id_String"/>
    <variables name="row21.host" value="null" talendType="id_String"/>
    <variables name="row21.port" value="0" talendType="id_Integer"/>
    <variables name="row21.queryString" value="null" talendType="id_String"/>
    <variables name="row21.pageTitle" value="null" talendType="id_String"/>
    <variables name="row21.latitude" value="null" talendType="id_String"/>
    <variables name="row21.longitude" value="null" talendType="id_String"/>
    <variables name="row21.fileName" value="null" talendType="id_String" nullable="true"/>
    <variables name="row21.fileUrl" value="null" talendType="id_String" nullable="true"/>
    <variables name="row21.linkName" value="null" talendType="id_Integer" nullable="true"/>
    <variables name="row21.source" value="null" talendType="id_Integer" nullable="true"/>
    <variables name="row21.type" value="null" talendType="id_String"/>
    <variables name="row21.visit_id" value="null" talendType="id_String" nullable="true"/>
    <variables name="row21.fk_guid_id" value="null" talendType="id_String" nullable="true"/>
    <variables name="row21.visit_start_time" value="null" talendType="id_String" nullable="true"/>
    <variables name="row21.visit_end_time" value="null" talendType="id_String" nullable="true"/>
    <variables name="row21.system_id" value="null" talendType="id_String" nullable="true"/>
    <variables name="row21.system_name" value="null" talendType="id_String" nullable="true"/>
    <variables name="row21.system_key" value="null" talendType="id_String" nullable="true"/>
    <variables name="row21.guid_id" value="null" talendType="id_String" nullable="true"/>
    <variables name="row21.guid_user_agent" value="null" talendType="id_String" nullable="true"/>
    <variables name="row21.guid_user_cookie" value="null" talendType="id_String" nullable="true"/>
    <variables name="row22.dim_pageview_id" value="0" talendType="id_Integer"/>
    <variables name="row22.pageview_url" value="null" talendType="id_String" nullable="true"/>
    <variables name="row22.pageview_title" value="null" talendType="id_String" nullable="true"/>
    <variables name="row22.pageview_destination_url" value="null" talendType="id_String" nullable="true"/>
    <variables name="row22.pageview_referer" value="null" talendType="id_String" nullable="true"/>
    <variables name="row22.pageview_querystring" value="null" talendType="id_String" nullable="true"/>
    <variables name="row23.dim_visit_id" value="0" talendType="id_Integer"/>
    <variables name="row23.visit_start_time" value="null" talendType="id_String" nullable="true"/>
    <variables name="row23.visit_end_time" value="null" talendType="id_String" nullable="true"/>
    <variables name="row23.visit_duration" value="null" talendType="id_String" nullable="true"/>
    <variables name="row26.dim_datetime_id" value="0" talendType="id_Integer"/>
    <variables name="row26.datetime_full" value="null" talendType="id_Date" nullable="true"/>
    <variables name="row24.dim_guid_id" value="0" talendType="id_Integer"/>
    <variables name="row24.guid_user_agent" value="null" talendType="id_String" nullable="true"/>
    <variables name="row24.guid_cookie" value="null" talendType="id_String" nullable="true"/>
    <variables name="row25.dim_site_id" value="0" talendType="id_Integer"/>
    <variables name="row25.site_name" value="null" talendType="id_String" nullable="true"/>
    <variables name="row25.site_url" value="null" talendType="id_String" nullable="true"/>
    <variables name="row25.site_key" value="null" talendType="id_String" nullable="true"/>
    <variables name="row27.dim_ipdata_id" value="0" talendType="id_Integer"/>
    <variables name="row27.ipdata_ip" value="null" talendType="id_String" nullable="true"/>
    <variables name="row29.tr_incomingtransaction_id" value="0" talendType="id_Integer"/>
    <variables name="row29.tr_email_activity_id" value="0" talendType="id_Integer"/>
    <variables name="row29.tr_lp_activity_id" value="0" talendType="id_Integer"/>
    <variables name="row29.program_id" value="null" talendType="id_Integer" nullable="true"/>
    <variables name="row29.contact_id" value="null" talendType="id_Integer" nullable="true"/>
    <variables name="row29.act_category_id" value="null" talendType="id_Integer" nullable="true"/>
    <variables name="row29.act_event_type_id" value="null" talendType="id_Integer" nullable="true"/>
    <variables name="Var.var1" value="0" talendType="id_Integer"/>
    <variables name="Var.var2" value="null" talendType="id_String"/>
  </expression:EMFExpression>
  <expression:EMFExpression id="null=>Var=>vdate" expression="String.valueOf(TalendDate.formatDate(&quot;yyyy-MM-dd&quot;,row12.timestamp) )     ">
    <variables name="row12.timestamp" value="null" talendType="id_Date"/>
    <variables name="row13.dim_bb_datetime_id" value="0" talendType="id_Integer"/>
    <variables name="row13.datetime_date" value="null" talendType="id_String" nullable="true"/>
    <variables name="row13.datetime_year" value="null" talendType="id_String" nullable="true"/>
    <variables name="row13.datetime_quarter" value="null" talendType="id_String" nullable="true"/>
    <variables name="row13.datetime_month" value="null" talendType="id_String" nullable="true"/>
    <variables name="row13.datetime_yearmonth" value="null" talendType="id_String" nullable="true"/>
    <variables name="row13.datetime_week" value="null" talendType="id_String" nullable="true"/>
    <variables name="row13.datetime_weekday" value="null" talendType="id_String" nullable="true"/>
    <variables name="row13.datetime_day" value="null" talendType="id_String" nullable="true"/>
    <variables name="row13.datetime_previous_date" value="null" talendType="id_String" nullable="true"/>
    <variables name="row13.datetime_next_date" value="null" talendType="id_String" nullable="true"/>
    <variables name="row13.datetime_time" value="null" talendType="id_String" nullable="true"/>
    <variables name="row13.datetime_full" value="null" talendType="id_Date" nullable="true"/>
    <variables name="Var.vdate" value="null" talendType="id_String"/>
    <variables name="Var.vyear" value="null" talendType="id_String"/>
    <variables name="Var.vquarter" value="null" talendType="id_String"/>
    <variables name="Var.vmonth" value="null" talendType="id_String"/>
    <variables name="Var.vyearmonth" value="null" talendType="id_String"/>
    <variables name="Var.vweek" value="null" talendType="id_String"/>
    <variables name="Var.vweekday" value="null" talendType="id_String"/>
    <variables name="Var.vday" value="null" talendType="id_String"/>
    <variables name="Var.vtime" value="null" talendType="id_String"/>
    <variables name="Var.vfull" value="null" talendType="id_String"/>
  </expression:EMFExpression>
  <expression:EMFExpression id="null=>Var=>vmonth" expression="String.valueOf(TalendDate.formatDate(&quot;MM&quot;,row12.timestamp) )     ">
    <variables name="row12.timestamp" value="null" talendType="id_Date"/>
    <variables name="row13.dim_bb_datetime_id" value="0" talendType="id_Integer"/>
    <variables name="row13.datetime_date" value="null" talendType="id_String" nullable="true"/>
    <variables name="row13.datetime_year" value="null" talendType="id_String" nullable="true"/>
    <variables name="row13.datetime_quarter" value="null" talendType="id_String" nullable="true"/>
    <variables name="row13.datetime_month" value="null" talendType="id_String" nullable="true"/>
    <variables name="row13.datetime_yearmonth" value="null" talendType="id_String" nullable="true"/>
    <variables name="row13.datetime_week" value="null" talendType="id_String" nullable="true"/>
    <variables name="row13.datetime_weekday" value="null" talendType="id_String" nullable="true"/>
    <variables name="row13.datetime_day" value="null" talendType="id_String" nullable="true"/>
    <variables name="row13.datetime_previous_date" value="null" talendType="id_String" nullable="true"/>
    <variables name="row13.datetime_next_date" value="null" talendType="id_String" nullable="true"/>
    <variables name="row13.datetime_time" value="null" talendType="id_String" nullable="true"/>
    <variables name="row13.datetime_full" value="null" talendType="id_Date" nullable="true"/>
    <variables name="Var.vdate" value="null" talendType="id_String"/>
    <variables name="Var.vyear" value="null" talendType="id_String"/>
    <variables name="Var.vquarter" value="null" talendType="id_String"/>
    <variables name="Var.vmonth" value="null" talendType="id_String"/>
    <variables name="Var.vyearmonth" value="null" talendType="id_String"/>
    <variables name="Var.vweek" value="null" talendType="id_String"/>
    <variables name="Var.vweekday" value="null" talendType="id_String"/>
    <variables name="Var.vday" value="null" talendType="id_String"/>
    <variables name="Var.vtime" value="null" talendType="id_String"/>
    <variables name="Var.vfull" value="null" talendType="id_String"/>
  </expression:EMFExpression>
  <expression:EMFExpression id="null=>Var=>vday" expression="String.valueOf(TalendDate.formatDate(&quot;dd&quot;,row12.timestamp) )     ">
    <variables name="row12.timestamp" value="null" talendType="id_Date"/>
    <variables name="row13.dim_bb_datetime_id" value="0" talendType="id_Integer"/>
    <variables name="row13.datetime_date" value="null" talendType="id_String" nullable="true"/>
    <variables name="row13.datetime_year" value="null" talendType="id_String" nullable="true"/>
    <variables name="row13.datetime_quarter" value="null" talendType="id_String" nullable="true"/>
    <variables name="row13.datetime_month" value="null" talendType="id_String" nullable="true"/>
    <variables name="row13.datetime_yearmonth" value="null" talendType="id_String" nullable="true"/>
    <variables name="row13.datetime_week" value="null" talendType="id_String" nullable="true"/>
    <variables name="row13.datetime_weekday" value="null" talendType="id_String" nullable="true"/>
    <variables name="row13.datetime_day" value="null" talendType="id_String" nullable="true"/>
    <variables name="row13.datetime_previous_date" value="null" talendType="id_String" nullable="true"/>
    <variables name="row13.datetime_next_date" value="null" talendType="id_String" nullable="true"/>
    <variables name="row13.datetime_time" value="null" talendType="id_String" nullable="true"/>
    <variables name="row13.datetime_full" value="null" talendType="id_Date" nullable="true"/>
    <variables name="Var.vdate" value="null" talendType="id_String"/>
    <variables name="Var.vyear" value="null" talendType="id_String"/>
    <variables name="Var.vquarter" value="null" talendType="id_String"/>
    <variables name="Var.vmonth" value="null" talendType="id_String"/>
    <variables name="Var.vyearmonth" value="null" talendType="id_String"/>
    <variables name="Var.vweek" value="null" talendType="id_String"/>
    <variables name="Var.vweekday" value="null" talendType="id_String"/>
    <variables name="Var.vday" value="null" talendType="id_String"/>
    <variables name="Var.vtime" value="null" talendType="id_String"/>
    <variables name="Var.vfull" value="null" talendType="id_String"/>
  </expression:EMFExpression>
</xmi:XMI>
