<?xml version="1.1" encoding="UTF-8"?>
<xmi:XMI xmi:version="2.0" xmlns:xmi="http://www.omg.org/XMI" xmlns:expression="http:///expression.ecore">
  <expression:EMFExpression id="null=>Var=>var1" expression="row5.value.split(&quot;;&quot;)">
    <variables name="row5.id_temp_data" value="0" talendType="id_Integer"/>
    <variables name="row5.id_import" value="0" talendType="id_Integer"/>
    <variables name="row5.value" value="null" talendType="id_String" nullable="true"/>
    <variables name="row5.created" value="null" talendType="id_Date"/>
    <variables name="row5.updated" value="null" talendType="id_Date"/>
    <variables name="Var.var1" value="null" talendType="id_String"/>
  </expression:EMFExpression>
  <expression:EMFExpression id="null=>Var=>value" expression="String test_data = &quot;hello world, this is a test, again&quot;;&#xA;&#xA;for (String tag : test_data.split(&quot;[\\s,;]+&quot;))&#xA;{&#xA;  System.out.println(&quot;Received tag: [&quot; + tag + &quot;]&quot;);&#xA;}&#xA;">
    <variables name="row5.id_temp_data" value="0" talendType="id_Integer"/>
    <variables name="row5.id_import" value="0" talendType="id_Integer"/>
    <variables name="row5.value" value="null" talendType="id_String" nullable="true"/>
    <variables name="row5.created" value="null" talendType="id_Date"/>
    <variables name="row5.updated" value="null" talendType="id_Date"/>
    <variables name="Var.value" value="null" talendType="id_String"/>
  </expression:EMFExpression>
</xmi:XMI>
