<?xml version="1.1" encoding="UTF-8"?>
<expression:EMFExpression xmi:version="2.0" xmlns:xmi="http://www.omg.org/XMI" xmlns:expression="http:///expression.ecore" id="null=>row2=>pageview_url" expression="StringHandling.DOWNCASE(row1.host)">
  <variables name="row1.id" value="0" talendType="id_Integer"/>
  <variables name="row1.tr_pc_id" value="0" talendType="id_Integer"/>
  <variables name="row1.tr_system_id" value="0" talendType="id_Integer"/>
  <variables name="row1.tr_browserfingerprints_id" value="0" talendType="id_Integer"/>
  <variables name="row1.tr_bfvisits_id" value="0" talendType="id_Integer"/>
  <variables name="row1.tr_visits_id" value="0" talendType="id_Integer"/>
  <variables name="row1.timestamp" value="null" talendType="id_Date"/>
  <variables name="row1.cookieData" value="null" talendType="id_String"/>
  <variables name="row1.ipAddress" value="null" talendType="id_String"/>
  <variables name="row1.userAgent" value="null" talendType="id_String"/>
  <variables name="row1.refererUrl" value="null" talendType="id_String" nullable="true"/>
  <variables name="row1.destinationUrl" value="null" talendType="id_String" nullable="true"/>
  <variables name="row1.protocol" value="null" talendType="id_String"/>
  <variables name="row1.host" value="null" talendType="id_String"/>
  <variables name="row1.port" value="0" talendType="id_Integer"/>
  <variables name="row1.queryString" value="null" talendType="id_String"/>
  <variables name="row1.pageTitle" value="null" talendType="id_String"/>
  <variables name="row1.latitude" value="null" talendType="id_String"/>
  <variables name="row1.longitude" value="null" talendType="id_String"/>
  <variables name="row1.fileName" value="null" talendType="id_String" nullable="true"/>
  <variables name="row1.fileUrl" value="null" talendType="id_String" nullable="true"/>
  <variables name="row1.linkName" value="null" talendType="id_Integer" nullable="true"/>
  <variables name="row1.source" value="null" talendType="id_Integer" nullable="true"/>
  <variables name="row1.type" value="null" talendType="id_String"/>
  <variables name="row2.dim_bb_pageview_id" value="0" talendType="id_Integer"/>
  <variables name="row2.pageview_url" value="null" talendType="id_String" nullable="true"/>
  <variables name="row2.pageview_title" value="null" talendType="id_String" nullable="true"/>
  <variables name="row2.pageview_destination_url" value="null" talendType="id_String" nullable="true"/>
  <variables name="row2.pageview_referer" value="null" talendType="id_String" nullable="true"/>
  <variables name="row2.pageview_querystring" value="null" talendType="id_String" nullable="true"/>
</expression:EMFExpression>
