<?xml version="1.1" encoding="UTF-8"?>
<expression:EMFExpression xmi:version="2.0" xmlns:xmi="http://www.omg.org/XMI" xmlns:expression="http:///expression.ecore" id="null=>row2=>pageview_url" expression="StringHandling.DOWNCASE(row1.host)">
  <variables name="row1.id" value="0" talendType="id_Integer"/>
  <variables name="row1.tr_pc_id" value="0" talendType="id_Integer"/>
  <variables name="row1.tr_system_id" value="0" talendType="id_Integer"/>
  <variables name="row1.tr_browserfingerprints_id" value="0" talendType="id_Integer"/>
  <variables name="row1.tr_bfvisits_id" value="0" talendType="id_Integer"/>
  <variables name="row1.tr_visits_id" value="0" talendType="id_Integer"/>
  <variables name="row1.timestamp" value="null" talendType="id_Date"/>
  <variables name="row1.cookieData" value="null" talendType="id_String"/>
  <variables name="row1.ipAddress" value="null" talendType="id_String"/>
  <variables name="row1.userAgent" value="null" talendType="id_String"/>
  <variables name="row1.refererUrl" value="null" talendType="id_String" nullable="true"/>
  <variables name="row1.destinationUrl" value="null" talendType="id_String" nullable="true"/>
  <variables name="row1.protocol" value="null" talendType="id_String"/>
  <variables name="row1.host" value="null" talendType="id_String"/>
  <variables name="row1.port" value="0" talendType="id_Integer"/>
  <variables name="row1.queryString" value="null" talendType="id_String"/>
  <variables name="row1.pageTitle" value="null" talendType="id_String"/>
  <variables name="row1.latitude" value="null" talendType="id_String"/>
  <variables name="row1.longitude" value="null" talendType="id_String"/>
  <variables name="row1.fileName" value="null" talendType="id_String" nullable="true"/>
  <variables name="row1.fileUrl" value="null" talendType="id_String" nullable="true"/>
  <variables name="row1.linkName" value="null" talendType="id_Integer" nullable="true"/>
  <variables name="row1.source" value="null" talendType="id_Integer" nullable="true"/>
  <variables name="row1.type" value="null" talendType="id_String"/>
  <variables name="row1.visit_id" value="null" talendType="id_String" nullable="true"/>
  <variables name="row1.fk_guid_id" value="null" talendType="id_String" nullable="true"/>
  <variables name="row1.visit_start_time" value="null" talendType="id_String" nullable="true"/>
  <variables name="row1.visit_end_time" value="null" talendType="id_String" nullable="true"/>
  <variables name="row1.system_id" value="null" talendType="id_String" nullable="true"/>
  <variables name="row1.system_name" value="null" talendType="id_String" nullable="true"/>
  <variables name="row1.system_key" value="null" talendType="id_String" nullable="true"/>
  <variables name="row1.guid_id" value="null" talendType="id_String" nullable="true"/>
  <variables name="row1.guid_user_agent" value="null" talendType="id_String" nullable="true"/>
  <variables name="row1.guid_user_cookie" value="null" talendType="id_String" nullable="true"/>
  <variables name="row2.dim_bb_pageview_id" value="0" talendType="id_Integer"/>
  <variables name="row2.pageview_url" value="null" talendType="id_String" nullable="true"/>
  <variables name="row2.pageview_title" value="null" talendType="id_String" nullable="true"/>
  <variables name="row2.pageview_destination_url" value="null" talendType="id_String" nullable="true"/>
  <variables name="row2.pageview_referer" value="null" talendType="id_String" nullable="true"/>
  <variables name="row2.pageview_querystring" value="null" talendType="id_String" nullable="true"/>
  <variables name="row3.dim_visit_id" value="0" talendType="id_Integer"/>
  <variables name="row3.visit_start_time" value="null" talendType="id_String" nullable="true"/>
  <variables name="row3.visit_end_time" value="null" talendType="id_String" nullable="true"/>
  <variables name="row3.visit_duration" value="null" talendType="id_String" nullable="true"/>
  <variables name="row6.dim_datetime_id" value="0" talendType="id_Integer"/>
  <variables name="row6.datetime_full" value="null" talendType="id_Date" nullable="true"/>
  <variables name="row7.dim_guid_id" value="0" talendType="id_Integer"/>
  <variables name="row7.guid_user_agent" value="null" talendType="id_String" nullable="true"/>
  <variables name="row7.guid_cookie" value="null" talendType="id_String" nullable="true"/>
  <variables name="row8.dim_site_id" value="0" talendType="id_Integer"/>
  <variables name="row8.site_name" value="null" talendType="id_String" nullable="true"/>
  <variables name="row8.site_url" value="null" talendType="id_String" nullable="true"/>
  <variables name="row8.site_key" value="null" talendType="id_String" nullable="true"/>
  <variables name="row4.dim_ipdata_id" value="0" talendType="id_Integer"/>
  <variables name="row4.ipdata_ip" value="null" talendType="id_String" nullable="true"/>
  <variables name="row5.dim_search_strings_id" value="0" talendType="id_Integer"/>
  <variables name="row5.searchstrings_keywords" value="null" talendType="id_String" nullable="true"/>
  <variables name="row5.searchstrings_keywords_category" value="null" talendType="id_String" nullable="true"/>
  <variables name="row5.dim_searchengine_id" value="0" talendType="id_Integer"/>
  <variables name="row5.tr_incomingtransaction_id" value="0" talendType="id_Integer"/>
  <variables name="row5.dim_trafficsource_id" value="0" talendType="id_Integer"/>
</expression:EMFExpression>
