<?xml version="1.1" encoding="UTF-8"?>
<xmi:XMI xmi:version="2.0" xmlns:xmi="http://www.omg.org/XMI" xmlns:expression="http:///expression.ecore">
  <expression:EMFExpression id="null=>tout=>var1" expression="(row9.newColumn1.equals((String)globalMap.get(&quot;gl_domainname&quot;)) )? 1 : 0&#xD;&#xA;&#xD;&#xA;&#xD;&#xA;  ">
    <variables name="row9.newColumn" value="null" talendType="id_String" nullable="true"/>
    <variables name="row9.newColumn1" value="null" talendType="id_String" nullable="true"/>
    <variables name="row9.hostname" value="null" talendType="id_String" nullable="true"/>
    <variables name="row9.newColumn3" value="null" talendType="id_String" nullable="true"/>
    <variables name="row9.newColumn4" value="null" talendType="id_String" nullable="true"/>
    <variables name="Var.var1" value="null" talendType="id_String"/>
    <variables name="Var.var2" value="null" talendType="id_String"/>
  </expression:EMFExpression>
  <expression:EMFExpression id="null=>Var=>var2" expression="//row9.newColumn1.equals((String)globalMap.get(&quot;gl_domainname&quot;))&#xD;&#xA;/*        &#xD;&#xA;if(row9.newColumn1.equals(&quot;leadsius.com&quot;)){&#xD;&#xA;System.out.println(&quot;====TRUE====&quot;); &#xD;&#xA;}else{&#xD;&#xA;&#x9;System.out.println(&quot;====FALSE====&quot;); &#xD;&#xA;}*/  ">
    <variables name="row9.newColumn" value="null" talendType="id_String" nullable="true"/>
    <variables name="row9.newColumn1" value="null" talendType="id_String" nullable="true"/>
    <variables name="row9.hostname" value="null" talendType="id_String" nullable="true"/>
    <variables name="row9.newColumn3" value="null" talendType="id_String" nullable="true"/>
    <variables name="row9.newColumn4" value="null" talendType="id_String" nullable="true"/>
    <variables name="Var.var1" value="null" talendType="id_String"/>
    <variables name="Var.var2" value="null" talendType="id_String"/>
  </expression:EMFExpression>
  <expression:EMFExpression id="null=>tout=>newColumn2" expression="String.valueOf((row9.newColumn1.compareTo((String)globalMap.get(&quot;gl_domainname&quot;))  ) )&#xD;&#xA; &#xD;&#xA;&#xD;&#xA;         ">
    <variables name="row9.newColumn" value="null" talendType="id_String" nullable="true"/>
    <variables name="row9.newColumn1" value="null" talendType="id_String" nullable="true"/>
    <variables name="row9.hostname" value="null" talendType="id_String" nullable="true"/>
    <variables name="row9.newColumn3" value="null" talendType="id_String" nullable="true"/>
    <variables name="row9.newColumn4" value="null" talendType="id_String" nullable="true"/>
  </expression:EMFExpression>
  <expression:EMFExpression id="null=>tout=>newColumn1" expression="//row9.newColumn1 + &quot;==&quot; +  StringHandling.RIGHT((String)globalMap.get(&quot;gl_se_url&quot;),StringHandling.LEN((String)globalMap.get(&quot;gl_se_url&quot;))-11)+ &quot;===&quot; + (String)globalMap.get(&quot;gl_se_url&quot;)&#xD;&#xA;      ">
    <variables name="row9.newColumn" value="null" talendType="id_String" nullable="true"/>
    <variables name="row9.newColumn1" value="null" talendType="id_String" nullable="true"/>
    <variables name="row9.hostname" value="null" talendType="id_String" nullable="true"/>
    <variables name="row9.newColumn3" value="null" talendType="id_String" nullable="true"/>
    <variables name="row9.newColumn4" value="null" talendType="id_String" nullable="true"/>
  </expression:EMFExpression>
  <expression:EMFExpression id="null=>" expression="((String)globalMap.get(&quot;gl_host&quot;)).matches()">
    <variables name="row3.refererUrl" value="null" talendType="id_String" nullable="true"/>
    <variables name="row3.newColumn" value="null" talendType="id_String" nullable="true"/>
    <variables name="row3.domain" value="null" talendType="id_String" nullable="true"/>
    <variables name="row3.newColumn2" value="null" talendType="id_String" nullable="true"/>
    <variables name="row3.newColumn3" value="null" talendType="id_String" nullable="true"/>
    <variables name="row4.dim_searchengine_id" value="0" talendType="id_Integer"/>
    <variables name="row4.searchEngineParams" value="null" talendType="id_String"/>
    <variables name="row4.searchEngineURL" value="null" talendType="id_String"/>
  </expression:EMFExpression>
  <expression:EMFExpression id="null=>tlogg=>newColumn" expression="(row3.domain != null) ? String.valueOf(row3.domain.matches(&quot;(\\w*://)?((\\w*\\-)*\\w*\\.(com|se|com.us|org|no|dk|cl|co.jp|co.uk|kg))/.*$&quot;) ) &#xD;&#xA;:&#xD;&#xA;&quot;NULL GIVEN&quot;&#xD;&#xA;&#xD;&#xA;       ">
    <variables name="row3.refererUrl" value="null" talendType="id_String" nullable="true"/>
    <variables name="row3.newColumn" value="null" talendType="id_String" nullable="true"/>
    <variables name="row3.domain" value="null" talendType="id_String" nullable="true"/>
    <variables name="row3.newColumn2" value="null" talendType="id_String" nullable="true"/>
    <variables name="row3.newColumn3" value="null" talendType="id_String" nullable="true"/>
    <variables name="row4.dim_searchengine_id" value="0" talendType="id_Integer"/>
    <variables name="row4.searchEngineParams" value="null" talendType="id_String"/>
    <variables name="row4.searchEngineURL" value="null" talendType="id_String"/>
  </expression:EMFExpression>
  <expression:EMFExpression id="null=>tlogg=>newColumn1" expression="row3.domain">
    <variables name="row3.refererUrl" value="null" talendType="id_String" nullable="true"/>
    <variables name="row3.newColumn" value="null" talendType="id_String" nullable="true"/>
    <variables name="row3.domain" value="null" talendType="id_String" nullable="true"/>
    <variables name="row3.newColumn2" value="null" talendType="id_String" nullable="true"/>
    <variables name="row3.newColumn3" value="null" talendType="id_String" nullable="true"/>
    <variables name="row4.dim_searchengine_id" value="0" talendType="id_Integer"/>
    <variables name="row4.searchEngineParams" value="null" talendType="id_String"/>
    <variables name="row4.searchEngineURL" value="null" talendType="id_String"/>
  </expression:EMFExpression>
  <expression:EMFExpression id="null=>tout=>newColumn" expression="(row9.newColumn1.equals((String)globalMap.get(&quot;gl_domainname&quot;))) ? &quot;1&quot; : &#xD;&#xA;(globalMap.get(&quot;gl_domainname&quot;).equals(StringHandling.RIGHT((String)globalMap.get(&quot;gl_se_url&quot;),StringHandling.LEN((String)globalMap.get(&quot;gl_se_url&quot;))-11))   &amp;&amp; !row9.newColumn1.equals((String)globalMap.get(&quot;gl_domainname&quot;))  )? &quot;2&quot; : &#xD;&#xA;(!globalMap.get(&quot;gl_domainname&quot;).equals(StringHandling.RIGHT((String)globalMap.get(&quot;gl_se_url&quot;),StringHandling.LEN((String)globalMap.get(&quot;gl_se_url&quot;))-11)) &amp;&amp; !row9.newColumn1.equals((String)globalMap.get(&quot;gl_domainname&quot;)))? &quot;3&quot; : &quot;4&quot;&#xD;&#xA;&#xD;&#xA;           ">
    <variables name="row9.newColumn" value="null" talendType="id_String" nullable="true"/>
    <variables name="row9.newColumn1" value="null" talendType="id_String" nullable="true"/>
    <variables name="row9.hostname" value="null" talendType="id_String" nullable="true"/>
    <variables name="row9.newColumn3" value="null" talendType="id_String" nullable="true"/>
    <variables name="row9.newColumn4" value="null" talendType="id_String" nullable="true"/>
  </expression:EMFExpression>
  <expression:EMFExpression id="null=>Var=>var1" expression="(row9.newColumn1.equals((String)globalMap.get(&quot;gl_domainname&quot;))) ? 1 : &#xD;&#xA;(globalMap.get(&quot;gl_domainname&quot;).equals(StringHandling.RIGHT((String)globalMap.get(&quot;gl_se_url&quot;),StringHandling.LEN((String)globalMap.get(&quot;gl_se_url&quot;))-11))   &amp;&amp; !row9.newColumn1.equals((String)globalMap.get(&quot;gl_domainname&quot;))  )? 2 : &#xD;&#xA;(!globalMap.get(&quot;gl_domainname&quot;).equals(StringHandling.RIGHT((String)globalMap.get(&quot;gl_se_url&quot;),StringHandling.LEN((String)globalMap.get(&quot;gl_se_url&quot;))-11)) &amp;&amp; !row9.newColumn1.equals((String)globalMap.get(&quot;gl_domainname&quot;)))? 3 : 4&#xD;&#xA;&#xD;&#xA;             ">
    <variables name="row9.newColumn" value="null" talendType="id_String" nullable="true"/>
    <variables name="row9.newColumn1" value="null" talendType="id_String" nullable="true"/>
    <variables name="row9.hostname" value="null" talendType="id_String" nullable="true"/>
    <variables name="row9.newColumn3" value="null" talendType="id_String" nullable="true"/>
    <variables name="row9.newColumn4" value="null" talendType="id_String" nullable="true"/>
    <variables name="Var.var1" value="null" talendType="id_String"/>
    <variables name="Var.var2" value="null" talendType="id_String"/>
  </expression:EMFExpression>
  <expression:EMFExpression id="null=>tglobal_trafficsource=>var_trafficsource_id" expression="(row9.newColumn1.equals((String)globalMap.get(&quot;gl_domainname&quot;))) ? 1 : &#xA;(globalMap.get(&quot;gl_domainname&quot;).equals(StringHandling.RIGHT((String)globalMap.get(&quot;gl_se_url&quot;),StringHandling.LEN((String)globalMap.get(&quot;gl_se_url&quot;))-11))   &amp;&amp; !row9.newColumn1.equals((String)globalMap.get(&quot;gl_domainname&quot;))  )? 2 : &#xA;(!globalMap.get(&quot;gl_domainname&quot;).equals(StringHandling.RIGHT((String)globalMap.get(&quot;gl_se_url&quot;),StringHandling.LEN((String)globalMap.get(&quot;gl_se_url&quot;))-11)) &amp;&amp; !row9.newColumn1.equals((String)globalMap.get(&quot;gl_domainname&quot;)))? 3 : 4&#xA;&#xA;     ">
    <variables name="row9.newColumn" value="null" talendType="id_String" nullable="true"/>
    <variables name="row9.newColumn1" value="null" talendType="id_String" nullable="true"/>
    <variables name="row9.hostname" value="null" talendType="id_String" nullable="true"/>
    <variables name="row9.newColumn3" value="null" talendType="id_String" nullable="true"/>
    <variables name="row9.newColumn4" value="null" talendType="id_String" nullable="true"/>
    <variables name="Var.var1" value="0" talendType="id_Integer"/>
  </expression:EMFExpression>
</xmi:XMI>
