<?xml version="1.1" encoding="UTF-8"?>
<expression:EMFExpression xmi:version="2.0" xmlns:xmi="http://www.omg.org/XMI" xmlns:expression="http:///expression.ecore" id="null=>Var=>var1" expression="context.se_param = row4.searchEngineParams ">
  <variables name="row3.refererUrl" value="null" talendType="id_String" nullable="true"/>
  <variables name="row3.newColumn" value="null" talendType="id_String" nullable="true"/>
  <variables name="row3.domain" value="null" talendType="id_String" nullable="true"/>
  <variables name="row3.newColumn2" value="null" talendType="id_String" nullable="true"/>
  <variables name="row3.newColumn3" value="null" talendType="id_String" nullable="true"/>
  <variables name="row4.dim_searchengine_id" value="0" talendType="id_Integer"/>
  <variables name="row4.searchEngineParams" value="null" talendType="id_String"/>
  <variables name="row4.searchEngineURL" value="null" talendType="id_String"/>
  <variables name="Var.var1" value="null" talendType="id_String"/>
</expression:EMFExpression>
