<?xml version="1.1" encoding="UTF-8"?>
<expression:EMFExpression xmi:version="2.0" xmlns:xmi="http://www.omg.org/XMI" xmlns:expression="http:///expression.ecore" id="null=>row8=>searchstrings_keywords" expression="StringHandling.DOWNCASE(row7.keywords)">
  <variables name="row7.newColumn" value="null" talendType="id_String" nullable="true"/>
  <variables name="row7.newColumn1" value="null" talendType="id_String" nullable="true"/>
  <variables name="row7.keywords" value="null" talendType="id_String" nullable="true"/>
  <variables name="row7.newColumn3" value="null" talendType="id_String" nullable="true"/>
  <variables name="row7.newColumn4" value="null" talendType="id_String" nullable="true"/>
  <variables name="row7.newColumn5" value="null" talendType="id_String" nullable="true"/>
  <variables name="row8.dim_searchstrings_id" value="0" talendType="id_Integer"/>
  <variables name="row8.searchstrings_keywords" value="null" talendType="id_String" nullable="true"/>
  <variables name="row8.searchstrings_keywords_category" value="null" talendType="id_String" nullable="true"/>
  <variables name="row8.dim_searchengine_id" value="0" talendType="id_Integer"/>
  <variables name="row8.tr_incomingtransaction_id" value="0" talendType="id_Integer"/>
</expression:EMFExpression>
