<?xml version="1.1" encoding="UTF-8"?>
<expression:EMFExpression xmi:version="2.0" xmlns:xmi="http://www.omg.org/XMI" xmlns:expression="http:///expression.ecore" id="null=>Var=>var1" expression="row1.email_open + row1.email_click + row1.landing_page_view + row1.landing_page_click + row1.webform_view  + row1.webform_submit ">
  <variables name="row1.fact_master_id" value="0" talendType="id_Integer"/>
  <variables name="row1.dim_program_id" value="null" talendType="id_Integer" nullable="true"/>
  <variables name="row1.dim_contact_id" value="null" talendType="id_Integer" nullable="true"/>
  <variables name="row1.dim_site_id" value="null" talendType="id_Integer" nullable="true"/>
  <variables name="row1.email_open" value="0" talendType="id_Integer"/>
  <variables name="row1.email_click" value="0" talendType="id_Integer"/>
  <variables name="row1.landing_page_view" value="0" talendType="id_Integer"/>
  <variables name="row1.landing_page_click" value="0" talendType="id_Integer"/>
  <variables name="row1.webform_view" value="0" talendType="id_Integer"/>
  <variables name="row1.webform_submit" value="0" talendType="id_Integer"/>
  <variables name="Var.var1" value="null" talendType="id_String"/>
</expression:EMFExpression>
