<?xml version="1.1" encoding="UTF-8"?>
<xmi:XMI xmi:version="2.0" xmlns:xmi="http://www.omg.org/XMI" xmlns:expression="http:///expression.ecore">
  <expression:EMFExpression id="null=>tuniq=>visit_start_time" expression="row1.visit_start_time">
    <variables name="row1.id" value="0" talendType="id_Integer"/>
    <variables name="row1.tr_pc_id" value="0" talendType="id_Integer"/>
    <variables name="row1.tr_system_id" value="0" talendType="id_Integer"/>
    <variables name="row1.tr_browserfingerprints_id" value="0" talendType="id_Integer"/>
    <variables name="row1.tr_bfvisits_id" value="0" talendType="id_Integer"/>
    <variables name="row1.tr_visits_id" value="0" talendType="id_Integer"/>
    <variables name="row1.timestamp" value="null" talendType="id_Date"/>
    <variables name="row1.cookieData" value="null" talendType="id_String"/>
    <variables name="row1.ipAddress" value="null" talendType="id_String"/>
    <variables name="row1.userAgent" value="null" talendType="id_String"/>
    <variables name="row1.refererUrl" value="null" talendType="id_String" nullable="true"/>
    <variables name="row1.destinationUrl" value="null" talendType="id_String" nullable="true"/>
    <variables name="row1.protocol" value="null" talendType="id_String"/>
    <variables name="row1.host" value="null" talendType="id_String"/>
    <variables name="row1.port" value="0" talendType="id_Integer"/>
    <variables name="row1.queryString" value="null" talendType="id_String"/>
    <variables name="row1.pageTitle" value="null" talendType="id_String"/>
    <variables name="row1.latitude" value="null" talendType="id_String"/>
    <variables name="row1.longitude" value="null" talendType="id_String"/>
    <variables name="row1.fileName" value="null" talendType="id_String" nullable="true"/>
    <variables name="row1.fileUrl" value="null" talendType="id_String" nullable="true"/>
    <variables name="row1.linkName" value="null" talendType="id_Integer" nullable="true"/>
    <variables name="row1.source" value="null" talendType="id_Integer" nullable="true"/>
    <variables name="row1.type" value="null" talendType="id_String"/>
    <variables name="row1.visit_id" value="null" talendType="id_String" nullable="true"/>
    <variables name="row1.visit_guid_id" value="null" talendType="id_String" nullable="true"/>
    <variables name="row1.visit_start_time" value="null" talendType="id_String" nullable="true"/>
    <variables name="row1.visit_end_time" value="null" talendType="id_String" nullable="true"/>
    <variables name="row2.dim_visit_id" value="0" talendType="id_Integer"/>
    <variables name="row2.visit_start_time" value="null" talendType="id_Date" nullable="true"/>
    <variables name="row2.visit_end_time" value="null" talendType="id_Date" nullable="true"/>
    <variables name="row2.visit_duration" value="null" talendType="id_String" nullable="true"/>
  </expression:EMFExpression>
  <expression:EMFExpression id="null=>out=>visit_start_time" expression="TalendDate.isDate(row1.visit_start_time ,&quot;yyyy-MM-dd HH:mm:ss&quot;)">
    <variables name="row1.id" value="0" talendType="id_Integer"/>
    <variables name="row1.tr_pc_id" value="0" talendType="id_Integer"/>
    <variables name="row1.tr_system_id" value="0" talendType="id_Integer"/>
    <variables name="row1.tr_browserfingerprints_id" value="0" talendType="id_Integer"/>
    <variables name="row1.tr_bfvisits_id" value="0" talendType="id_Integer"/>
    <variables name="row1.tr_visits_id" value="0" talendType="id_Integer"/>
    <variables name="row1.timestamp" value="null" talendType="id_Date"/>
    <variables name="row1.cookieData" value="null" talendType="id_String"/>
    <variables name="row1.ipAddress" value="null" talendType="id_String"/>
    <variables name="row1.userAgent" value="null" talendType="id_String"/>
    <variables name="row1.refererUrl" value="null" talendType="id_String" nullable="true"/>
    <variables name="row1.destinationUrl" value="null" talendType="id_String" nullable="true"/>
    <variables name="row1.protocol" value="null" talendType="id_String"/>
    <variables name="row1.host" value="null" talendType="id_String"/>
    <variables name="row1.port" value="0" talendType="id_Integer"/>
    <variables name="row1.queryString" value="null" talendType="id_String"/>
    <variables name="row1.pageTitle" value="null" talendType="id_String"/>
    <variables name="row1.latitude" value="null" talendType="id_String"/>
    <variables name="row1.longitude" value="null" talendType="id_String"/>
    <variables name="row1.fileName" value="null" talendType="id_String" nullable="true"/>
    <variables name="row1.fileUrl" value="null" talendType="id_String" nullable="true"/>
    <variables name="row1.linkName" value="null" talendType="id_Integer" nullable="true"/>
    <variables name="row1.source" value="null" talendType="id_Integer" nullable="true"/>
    <variables name="row1.type" value="null" talendType="id_String"/>
    <variables name="row1.visit_id" value="null" talendType="id_String" nullable="true"/>
    <variables name="row1.visit_guid_id" value="null" talendType="id_String" nullable="true"/>
    <variables name="row1.visit_start_time" value="null" talendType="id_String" nullable="true"/>
    <variables name="row1.visit_end_time" value="null" talendType="id_String" nullable="true"/>
    <variables name="row2.dim_visit_id" value="0" talendType="id_Integer"/>
    <variables name="row2.visit_start_time" value="null" talendType="id_Date" nullable="true"/>
    <variables name="row2.visit_end_time" value="null" talendType="id_Date" nullable="true"/>
    <variables name="row2.visit_duration" value="null" talendType="id_String" nullable="true"/>
  </expression:EMFExpression>
</xmi:XMI>
